Date,Open,High,Low,Close,Volume,OpenInt
2015-08-10,4.18,4.18,3.3,3.5,13400,0
2015-08-11,3.7,3.899,3.51,3.899,11027,0
2015-08-12,3.9,3.9,3.56,3.71,14400,0
2015-08-13,3.8,4.09,3.7,3.75,16900,0
2015-08-14,3.95,4.15,3.76,3.76,30900,0
2015-08-17,3.95,4,3.8,3.8,9800,0
2015-08-18,3.9,4,3.88,3.95,11700,0
2015-08-19,3.95,3.95,3.9,3.95,3400,0
2015-08-20,3.93,3.95,3.85,3.88,18400,0
2015-08-21,3.75,3.76,3.47,3.59,13900,0
2015-08-24,3.36,3.7899,2.66,3.545,23556,0
2015-08-25,3.39,3.8,3.36,3.77,19500,0
2015-08-26,3.74,3.9,3.74,3.88,28800,0
2015-08-27,3.87,3.9,3.5,3.7,14400,0
2015-08-28,3.84,3.85,3.7,3.76,26100,0
2015-08-31,3.85,3.9,3.63,3.87,10800,0
2015-09-01,3.78,3.89,3.77,3.89,3400,0
2015-09-02,3.9,4.09,3.81,4.05,32500,0
2015-09-03,4.03,4.11,4.03,4.11,3400,0
2015-09-04,4.29,4.29,3.81,4.08,34000,0
2015-09-08,4.11,4.29,4.1,4.25,53800,0
2015-09-09,4.25,4.3,4.24,4.28,19200,0
2015-09-10,4.26,4.73,4.01,4.73,44043,0
2015-09-11,4.85,5.68,4.85,5.59,103100,0
2015-09-14,5.6,6.11,5.37,6,133600,0
2015-09-15,6.01,6.15,4.62,4.75,83100,0
2015-09-16,5.38,5.38,5.01,5.23,43700,0
2015-09-17,5.2,5.2,4.87,5.07,45900,0
2015-09-18,5.07,5.07,4.8,4.99,285400,0
2015-09-21,5.05,5.5,5,5.32,40400,0
2015-09-22,5.21,5.25,5,5.02,9200,0
2015-09-23,5.15,5.33,4.93,5.31,4700,0
2015-09-24,5.07,5.13,4.89,5.02,5361,0
2015-09-25,5.04,5.06,4.5,4.62,55600,0
2015-09-28,4.61,4.82,4.22,4.25,26218,0
2015-09-29,3.62,4.25,3.62,3.9,44000,0
2015-09-30,3.98,4.13,3.98,4,10000,0
2015-10-01,3.95,3.98,3.63,3.93,35200,0
2015-10-02,3.61,3.97,3.6,3.78,34700,0
2015-10-05,3.68,3.73,3.6,3.67,10789,0
2015-10-06,3.56,3.64,3.25,3.5,24900,0
2015-10-07,3.47,3.8,3.47,3.57,31600,0
2015-10-08,3.64,3.68,3.17,3.56,47500,0
2015-10-09,3.46,3.46,3.1,3.19,43900,0
2015-10-12,3.13,3.15,3,3.01,19590,0
2015-10-13,3.04,3.1,2.96,3.03,36400,0
2015-10-14,3.09,3.09,2.99,3.05,10800,0
2015-10-15,2.98,3.1,2.95,3.04,35100,0
2015-10-16,2.9,3.49,2.9,3.49,26900,0
2015-10-19,3.49,3.94,3.49,3.63,52600,0
2015-10-20,3.72,3.73,3.422,3.6097,25577,0
2015-10-21,3.39,3.73,3.39,3.64,14700,0
2015-10-22,3.69,3.8,3.38,3.45,30800,0
2015-10-23,3.44,3.72,3.44,3.72,12800,0
2015-10-26,3.7,3.7,3.5,3.64,8800,0
2015-10-27,3.62,3.62,3.52,3.52,8400,0
2015-10-28,3.54,3.62,3.54,3.59,9100,0
2015-10-29,3.6,3.7,3.6,3.65,14200,0
2015-10-30,3.66,3.66,3.53,3.59,5600,0
2015-11-02,3.52,3.6,3.52,3.59,5584,0
2015-11-03,3.5,3.59,3.49,3.58,12600,0
2015-11-04,3.67,3.67,3.52,3.64,18841,0
2015-11-05,3.51,3.63,3.51,3.63,5900,0
2015-11-06,3.67,3.67,3.52,3.55,30900,0
2015-11-09,3.5,3.688,3.5,3.51,16192,0
2015-11-10,3.53,3.71,3.5,3.6,35100,0
2015-11-11,3.6,3.6,3.53,3.54,9400,0
2015-11-12,3.52,3.55,3.52,3.53,4200,0
2015-11-13,3.56,3.6,3.52,3.52,18100,0
2015-11-16,3.5,3.52,3.35,3.36,5200,0
2015-11-17,3.4,3.54,2.88,3.18,36600,0
2015-11-18,3.19,3.27,2.96,3.05,18100,0
2015-11-19,3,3.18,2.69,2.92,29900,0
2015-11-20,2.88,2.96,2.55,2.89,26600,0
2015-11-23,2.96,3.01,2.82,2.98,3500,0
2015-11-24,2.71,3.01,2.71,2.96,5900,0
2015-11-25,2.96,3.03,2.72,2.86,22100,0
2015-11-27,2.86,2.86,2.77,2.77,800,0
2015-11-30,2.75,2.78,2.59,2.69,12300,0
2015-12-01,2.63,2.63,2.4101,2.4101,31305,0
2015-12-02,2.4,2.6058,2.35,2.35,14095,0
2015-12-03,2.38,2.64,2.285,2.54,9819,0
2015-12-04,2.59,2.64,2.4,2.64,2000,0
2015-12-07,2.63,3.24,2.46,2.77,70700,0
2015-12-08,2.8,3.5,2.8,2.95,136624,0
2015-12-09,3,3.56,2.95,3.1,61200,0
2015-12-10,3.1,3.1,2.8,3,79400,0
2015-12-11,2.87,2.9,2.55,2.58,29900,0
2015-12-14,2.52,2.81,2.388,2.4,39035,0
2015-12-15,2.35,2.4,2.26,2.29,27000,0
2015-12-16,2.25,2.45,2.12,2.19,32700,0
2015-12-17,2.49,2.49,2.21,2.32,51400,0
2015-12-18,2.4,2.43,2.3,2.3,37900,0
2015-12-21,2.4,2.44,2.17,2.26,19800,0
2015-12-22,2.24,2.39,2.2,2.3,11073,0
2015-12-23,2.39,2.45,2.23,2.3,25200,0
2015-12-24,2.4,2.52,2.36,2.47,15065,0
2015-12-28,2.63,2.63,2.358,2.44,18320,0
2015-12-29,2.48,2.63,2.281,2.39,26285,0
2015-12-30,2.4,2.41,2.19,2.22,40109,0
2015-12-31,2.2,2.22,2.01,2.08,78429,0
2016-01-04,2.5,2.5,2.01,2.07,16240,0
2016-01-05,2,2.24,1.55,2.09,17797,0
2016-01-06,2.24,2.3,1.95,2.1061,12348,0
2016-01-07,2.02,2.28,1.9199,2.1,43662,0
2016-01-08,2.32,2.32,2.03,2.03,5626,0
2016-01-11,2.1,2.1,1.89,1.93,20786,0
2016-01-12,2.05,2.1,1.93,1.9914,9826,0
2016-01-13,2.05,2.08,1.778,1.7808,38876,0
2016-01-14,1.85,2.05,1.85,1.95,12910,0
2016-01-15,2,2.0388,1.61,1.82,34884,0
2016-01-19,1.86,2.03,1.67,1.83,10700,0
2016-01-20,2.04,2.04,1.66,1.66,24833,0
2016-01-21,1.7,1.99,1.7,1.855,18535,0
2016-01-22,2,2,1.77,1.8501,14391,0
2016-01-25,1.9,2.07,1.9,2.07,17720,0
2016-01-26,2.16,2.58,1.9701,2.49,73035,0
2016-01-27,2.62,2.62,2.5,2.51,16986,0
2016-01-28,2.56,2.63,2.5,2.54,16029,0
2016-01-29,2.5,2.59,2.5,2.5,17545,0
2016-02-01,2.45,2.51,2.16,2.51,37483,0
2016-02-02,2.4001,2.5,2.4,2.49,12066,0
2016-02-03,2.5,2.55,2.41,2.41,11551,0
2016-02-04,2.422,2.65,2.4,2.4652,22878,0
2016-02-05,2.45,2.48,2.45,2.48,1107,0
2016-02-08,2.5,2.53,2.5,2.53,15700,0
2016-02-09,2.55,2.64,2.55,2.55,17350,0
2016-02-10,2.65,3.79,2.65,2.86,445377,0
2016-02-11,2.8601,2.99,2.7601,2.84,40037,0
2016-02-12,2.9118,2.9118,2.6601,2.7499,44871,0
2016-02-16,2.67,2.7867,2.4,2.467,25144,0
2016-02-17,2.402,2.49,2.28,2.45,36005,0
2016-02-18,2.25,2.4399,2.25,2.35,751,0
2016-02-19,2.3486,2.8,2.3486,2.68,72087,0
2016-02-22,2.75,2.76,2.45,2.73,15398,0
2016-02-23,2.77,2.8999,2.61,2.8788,41248,0
2016-02-24,2.8175,2.8175,2.65,2.81,42277,0
2016-02-25,2.725,2.89,2.6,2.74,46988,0
2016-02-26,2.6579,2.84,2.6,2.84,54539,0
2016-02-29,2.8,2.92,2.79,2.79,40136,0
2016-03-01,2.866,2.866,2.8,2.84,5118,0
2016-03-02,2.8401,2.95,2.67,2.95,22853,0
2016-03-03,2.91,2.91,2.77,2.77,7204,0
2016-03-04,2.89,2.9,2.71,2.79,11825,0
2016-03-07,2.89,2.89,2.63,2.63,10407,0
2016-03-08,2.7399,2.79,2.69,2.74,28000,0
2016-03-09,2.736,2.74,2.63,2.74,3662,0
2016-03-10,2.8,2.8,2.48,2.48,10001,0
2016-03-11,2.48,2.49,2.34,2.45,5131,0
2016-03-14,2.4999,2.5,2.4,2.45,12075,0
2016-03-15,2.359,2.49,2.2301,2.49,13806,0
2016-03-16,2.44,2.47,2.39,2.435,2089,0
2016-03-17,2.39,2.45,2.32,2.39,11620,0
2016-03-18,2.397,2.4,2.38,2.38,975,0
2016-03-21,2.39,2.5,2.24,2.47,11124,0
2016-03-22,2.48,2.55,2.43,2.5,24268,0
2016-03-23,2.49,2.5,2.45,2.5,6183,0
2016-03-24,2.52,2.85,2.52,2.79,14900,0
2016-03-28,2.79,2.9,2.54,2.75,11542,0
2016-03-29,2.67,2.9,2.62,2.71,77927,0
2016-03-30,2.75,2.8,2.6601,2.72,31871,0
2016-03-31,2.65,2.72,2.52,2.5852,7310,0
2016-04-01,2.57,2.89,2.55,2.65,7261,0
2016-04-04,2.86,2.86,2.6976,2.79,19071,0
2016-04-05,2.4547,2.7999,2.4547,2.72,3456,0
2016-04-06,2.79,2.7999,2.51,2.56,15036,0
2016-04-07,2.54,2.69,2.5001,2.63,13644,0
2016-04-08,2.6999,2.85,2.56,2.85,31837,0
2016-04-11,2.8,2.87,2.7501,2.8277,59817,0
2016-04-12,2.85,2.85,2.65,2.72,248492,0
2016-04-13,2.71,2.72,2.49,2.52,69557,0
2016-04-14,2.55,2.64,2.52,2.5899,7373,0
2016-04-15,2.55,2.68,2.55,2.6,16208,0
2016-04-18,2.58,2.75,2.58,2.6,30443,0
2016-04-19,2.58,2.72,2.58,2.65,45481,0
2016-04-20,2.69,2.77,2.6301,2.75,51192,0
2016-04-21,2.75,2.8315,2.455,2.62,103213,0
2016-04-22,2.54,2.8,2.54,2.745,33531,0
2016-04-25,2.77,3.08,2.77,2.88,97446,0
2016-04-26,2.99,3,2.94,2.99,36170,0
2016-04-27,3.01,3.01,2.81,3,11234,0
2016-04-28,3,3.01,2.81,2.97,25410,0
2016-04-29,3.01,3.02,2.972,3.02,21360,0
2016-05-02,3.04,3.04,2.98,2.98,35730,0
2016-05-03,3,3.01,2.87,3.0059,7440,0
2016-05-04,2.8636,3.26,2.8636,3.2499,14099,0
2016-05-05,3.25,3.25,2.81,3.25,41083,0
2016-05-06,3.18,3.26,3.18,3.26,15036,0
2016-05-09,3.18,3.18,2.97,2.97,10591,0
2016-05-10,3,3.1,2.97,3,8905,0
2016-05-11,3.09,3.09,2.97,3,22863,0
2016-05-12,3.09,3.18,2.94,2.97,59092,0
2016-05-13,3.06,3.06,2.823,3,39792,0
2016-05-16,3.08,3.08,2.89,2.9,7153,0
2016-05-17,3.09,3.09,2.878,2.98,25179,0
2016-05-18,3,3,2.75,2.81,20785,0
2016-05-19,2.81,2.85,2.81,2.84,4526,0
2016-05-20,2.89,2.9,2.8201,2.83,20207,0
2016-05-23,2.83,2.84,2.79,2.79,5579,0
2016-05-24,2.7601,2.792,2.66,2.66,30450,0
2016-05-25,2.8144,2.85,2.75,2.75,14776,0
2016-05-26,2.78,2.89,2.77,2.88,23733,0
2016-05-27,2.825,3.01,2.82,2.97,40757,0
2016-05-31,2.91,3.0882,2.91,2.9898,46459,0
2016-06-01,2.99,3.09,2.86,3.05,21993,0
2016-06-02,2.92,3.1,2.8,3.02,21436,0
2016-06-03,3.04,3.18,3.04,3.16,34961,0
2016-06-06,3.17,3.18,3.07,3.07,39606,0
2016-06-07,3.09,3.2499,2.9499,3.11,93533,0
2016-06-08,3.12,3.26,3.07,3.21,60005,0
2016-06-09,3.21,3.21,3.12,3.17,12054,0
2016-06-10,3.2,3.46,3.2,3.29,53423,0
2016-06-13,3.38,3.58,3.3608,3.45,65976,0
2016-06-14,3.5,3.66,3.45,3.64,64346,0
2016-06-15,3.64,3.7547,3.63,3.74,43576,0
2016-06-16,3.72,3.72,3.3409,3.54,14279,0
2016-06-17,3.41,3.49,3.31,3.46,7826,0
2016-06-20,3.38,3.49,3.33,3.4,11032,0
2016-06-21,3.2,3.4,3.2,3.27,9418,0
2016-06-22,3.3,3.33,3.2,3.2,29776,0
2016-06-23,3.13,3.43,3.11,3.32,24531,0
2016-06-24,3.28,3.28,3.2354,3.24,12546,0
2016-06-27,3.16,3.27,3.16,3.26,14682,0
2016-06-28,3.31,3.42,3.23,3.42,14368,0
2016-06-29,3.38,3.7,3.38,3.7,44845,0
2016-06-30,3.64,3.8599,3.63,3.63,59555,0
2016-07-01,3.64,4.1,3.64,3.97,51283,0
2016-07-05,3.9,3.98,3.75,3.76,12884,0
2016-07-06,3.83,4.05,3.77,3.91,37118,0
2016-07-07,3.91,4.5,3.86,4.5,107094,0
2016-07-08,4.55,4.59,4.11,4.3,56041,0
2016-07-11,4.33,4.4099,4.21,4.36,22721,0
2016-07-12,4.32,4.39,4.1944,4.39,28074,0
2016-07-13,4.26,4.4,4.22,4.248,14223,0
2016-07-14,4.25,4.52,4.18,4.3,45767,0
2016-07-15,4.3,4.35,4.194,4.25,14007,0
2016-07-18,4.2,4.25,4.141,4.2,18967,0
2016-07-19,4.17,4.17,3.76,4.02,21482,0
2016-07-20,4.06,4.1,4.01,4.04,7204,0
2016-07-21,4.04,4.04,3.89,3.96,9992,0
2016-07-22,3.8801,3.97,3.82,3.82,14540,0
2016-07-25,3.8101,3.9199,3.67,3.84,35538,0
2016-07-26,3.81,4.02,3.69,4,74562,0
2016-07-27,3.9542,4.03,3.8,3.83,1500,0
2016-07-28,3.92,4.035,3.85,4.02,23096,0
2016-07-29,3.911,4.02,3.911,4.02,5500,0
2016-08-01,4.01,4.18,3.94,4.1699,20501,0
2016-08-02,4.09,4.17,4.04,4.05,21601,0
2016-08-03,3.807,4.17,3.807,4.17,11268,0
2016-08-04,4.2,4.28,3.77,3.88,42791,0
2016-08-05,3.95,4.139,3.8,3.9199,18069,0
2016-08-08,3.91,3.95,3.75,3.94,5580,0
2016-08-09,3.91,4,3.81,3.81,14733,0
2016-08-10,3.85,4.06,3.85,4.06,38496,0
2016-08-11,4.03,4.0775,4.0101,4.03,10451,0
2016-08-12,4.08,4.199,3.95,4.177,71445,0
2016-08-15,4.18,4.18,4.04,4.08,33636,0
2016-08-16,4.75,6.08,4.75,5.4,3835082,0
2016-08-17,5.6,5.6246,5.03,5.09,330745,0
2016-08-18,5.1,5.23,4.8501,5.17,212152,0
2016-08-19,5.21,5.4499,5.0501,5.15,156911,0
2016-08-22,5.04,5.3,5.0301,5.1,81867,0
2016-08-23,5.25,5.354,5.0101,5.09,83384,0
2016-08-24,5.13,5.13,4.75,4.84,76585,0
2016-08-25,4.8,5.0183,4.69,4.73,48185,0
2016-08-26,4.61,5.06,4.61,5.06,62958,0
2016-08-29,5.2,5.2,4.97,5.04,111595,0
2016-08-30,5.02,5.098,4.98,5,23634,0
2016-08-31,5.07,5.15,4.91,5.06,65244,0
2016-09-01,5.04,5.15,4.77,5.15,94072,0
2016-09-02,5.19,5.22,5.04,5.15,49046,0
2016-09-06,5.13,5.2,5.1,5.15,78289,0
2016-09-07,5.2,5.2,4.97,5.03,46332,0
2016-09-08,5.031,5.1499,4.93,5.05,70487,0
2016-09-09,5.09,5.14,4.8701,4.99,30567,0
2016-09-12,4.95,5.13,4.86,5.05,55672,0
2016-09-13,5.08,5.08,4.5812,4.64,61566,0
2016-09-14,4.68,4.81,4.52,4.54,58923,0
2016-09-15,4.63,4.83,4.35,4.45,110848,0
2016-09-16,3.85,4.62,3.75,4.49,1213902,0
2016-09-19,4.46,4.6,4.36,4.53,201958,0
2016-09-20,4.56,4.59,4.33,4.44,127064,0
2016-09-21,4.49,4.5,4.35,4.43,75385,0
2016-09-22,4.44,4.48,4.23,4.37,143764,0
2016-09-23,4.32,4.37,4.2,4.23,98257,0
2016-09-26,4.2,4.395,4.16,4.3,76174,0
2016-09-27,4.312,4.47,4.25,4.32,74147,0
2016-09-28,4.36,4.529,4.325,4.46,27776,0
2016-09-29,4.47,4.49,4.3,4.37,48933,0
2016-09-30,4.44,4.535,4.29,4.33,63914,0
2016-10-03,4.42,5.16,4.42,4.89,285792,0
2016-10-04,4.95,4.95,4.52,4.76,141892,0
2016-10-05,4.79,5.05,4.53,4.9,155804,0
2016-10-06,4.9,5.03,4.7201,5.03,77627,0
2016-10-07,5.05,5.35,4.93,5.35,222290,0
2016-10-10,5.49,5.69,5.35,5.6,221727,0
2016-10-11,5.54,5.62,5.03,5.21,102628,0
2016-10-12,5.25,5.39,5.049,5.1,63199,0
2016-10-13,5.12,5.3,4.8,5.19,73330,0
2016-10-14,5.33,5.38,5.04,5.17,47512,0
2016-10-17,5.39,5.39,5.08,5.24,77384,0
2016-10-18,5.26,5.26,5.17,5.25,31627,0
2016-10-19,5.27,5.27,5.02,5.06,49161,0
2016-10-20,4.99,5.132,4.99,5.0385,32938,0
2016-10-21,5.04,5.169,4.99,5.14,54166,0
2016-10-24,5.14,5.32,5.13,5.26,103161,0
2016-10-25,5.195,5.2791,5.05,5.1,37292,0
2016-10-26,5,5.22,4.95,5.01,76771,0
2016-10-27,5,5.21,4.91,5.03,81077,0
2016-10-28,5.13,5.17,4.9,4.92,95803,0
2016-10-31,4.85,4.89,4.75,4.8,98077,0
2016-11-01,4.78,5.01,4.56,4.61,139282,0
2016-11-02,4.62,4.99,4.62,4.74,111186,0
2016-11-03,4.78,4.95,4.45,4.5,163933,0
2016-11-04,4.47,4.9219,4.46,4.5,128950,0
2016-11-07,4.64,4.73,4.54,4.55,101088,0
2016-11-08,4.57,4.98,4.53,4.73,127385,0
2016-11-09,4.67,5.09,4.611,5.01,201579,0
2016-11-10,5.09,5.14,4.8981,5.07,164510,0
2016-11-11,5.07,5.2601,4.9459,5.21,84834,0
2016-11-14,5.6,5.749,5.25,5.34,377572,0
2016-11-15,5.36,5.36,4.36,4.59,684350,0
2016-11-16,4.68,4.68,4.4301,4.46,159493,0
2016-11-17,4.45,4.529,3.9052,3.94,538057,0
2016-11-18,3.98,4.1,3.85,3.92,147531,0
2016-11-21,4,4.0759,3.51,3.6,514862,0
2016-11-22,3.69,3.78,3.6092,3.68,201332,0
2016-11-23,3.65,3.76,3.65,3.67,57097,0
2016-11-25,3.65,3.7324,3.64,3.69,35802,0
2016-11-28,3.65,3.73,3.5,3.63,146507,0
2016-11-29,3.6,3.73,3.6,3.63,101351,0
2016-11-30,3.64,3.64,3.48,3.55,179133,0
2016-12-01,3.59,3.6165,3.35,3.49,145255,0
2016-12-02,3.52,3.52,3.33,3.42,89262,0
2016-12-05,3.42,3.62,3.37,3.48,117408,0
2016-12-06,3.46,3.67,3.44,3.51,84364,0
2016-12-07,3.48,3.64,3.45,3.49,90725,0
2016-12-08,3.51,3.59,3.4,3.4,39521,0
2016-12-09,3.4,3.47,3.32,3.39,58083,0
2016-12-12,3.47,3.54,3.08,3.15,161325,0
2016-12-13,3.15,3.315,3.08,3.24,239425,0
2016-12-14,3.24,3.2925,3.19,3.19,111123,0
2016-12-15,3.1895,3.2,3.1375,3.16,41110,0
2016-12-16,3.1513,3.2,2.9132,2.98,148253,0
2016-12-19,2.95,3.1379,2.8381,3.02,175520,0
2016-12-20,3.08,3.0841,2.86,3.02,167931,0
2016-12-21,3.05,3.41,2.9825,3.31,134187,0
2016-12-22,3.33,3.52,3.33,3.46,174355,0
2016-12-23,3.51,3.51,3.32,3.4,101727,0
2016-12-27,3.37,3.4602,3.33,3.46,75250,0
2016-12-28,3.5,3.5752,3.48,3.51,153972,0
2016-12-29,3.5109,3.775,3.5109,3.69,106856,0
2016-12-30,3.7,3.7037,3.6,3.69,122097,0
2017-01-03,3.16,3.225,2.41,2.5,1148632,0
2017-01-04,2.56,2.7,2.44,2.53,305079,0
2017-01-05,2.58,2.6,2.42,2.47,149847,0
2017-01-06,2.53,2.53,2.339,2.34,172265,0
2017-01-09,2.34,2.36,2.15,2.2682,172858,0
2017-01-10,2.15,2.44,2.15,2.37,195753,0
2017-01-11,2.39,2.42,2.22,2.3,86576,0
2017-01-12,2.28,2.38,2.2248,2.36,103208,0
2017-01-13,2.39,2.39,2.3,2.36,29364,0
2017-01-17,2.36,2.539,2.36,2.5,229735,0
2017-01-18,2.49,2.5,2.38,2.41,183381,0
2017-01-19,2.43,2.44,2.3,2.33,77307,0
2017-01-20,2.34,2.34,2.27,2.32,53321,0
2017-01-23,2.34,2.46,2.2708,2.4,42735,0
2017-01-24,2.45,2.5,2.41,2.44,100480,0
2017-01-25,2.43,2.45,2.4,2.44,93491,0
2017-01-26,2.42,2.48,2.41,2.45,44322,0
2017-01-27,2.45,2.45,2.41,2.42,164724,0
2017-01-30,2.42,2.42,2.1933,2.22,146199,0
2017-01-31,2.18,2.29,2.051,2.21,173946,0
2017-02-01,2.2,2.25,2.17,2.22,67435,0
2017-02-02,2.2165,2.24,2.2,2.22,102412,0
2017-02-03,2.2099,2.2285,2.17,2.2,42626,0
2017-02-06,2.21,2.389,2.21,2.26,54832,0
2017-02-07,2.28,2.35,2.27,2.3,35479,0
2017-02-08,2.32,2.32,2.15,2.17,53271,0
2017-02-09,2.17,2.27,2.17,2.21,58676,0
2017-02-10,2.19,2.24,2.15,2.18,44034,0
2017-02-13,2.19,2.238,2.15,2.18,30844,0
2017-02-14,2.2,2.2988,2.18,2.25,61863,0
2017-02-15,2.23,2.28,2.1933,2.21,33015,0
2017-02-16,2.1826,2.27,2.1826,2.21,41554,0
2017-02-17,2.23,2.29,2.21,2.29,19884,0
2017-02-21,2.05,2.21,1.97,2.21,192648,0
2017-02-22,2.17,2.23,2.1,2.18,52256,0
2017-02-23,2.18,2.22,2.12,2.12,47008,0
2017-02-24,2.08,2.12,2.08,2.12,46464,0
2017-02-27,2.1,2.18,2.05,2.0701,141006,0
2017-02-28,2.06,2.0975,1.9,1.93,205513,0
2017-03-01,1.94,1.9996,1.93,1.95,681849,0
2017-03-02,1.98,2.15,1.98,2.0799,1660223,0
2017-03-03,2.06,2.139,1.99,1.99,89209,0
2017-03-06,1.99,1.99,1.8739,1.91,121194,0
2017-03-07,1.9,1.99,1.88,1.945,115968,0
2017-03-08,1.95,1.976,1.71,1.86,129566,0
2017-03-09,1.86,2.13,1.76,2.08,172630,0
2017-03-10,2.11,2.28,2.0625,2.14,209381,0
2017-03-13,2.17,2.28,2.1014,2.22,66319,0
2017-03-14,2.2139,2.27,2.19,2.24,61531,0
2017-03-15,2.24,2.27,2.15,2.17,63535,0
2017-03-16,2.13,2.231,2.0191,2.18,112304,0
2017-03-17,2.2,2.48,2.16,2.42,308086,0
2017-03-20,2.39,2.42,2.15,2.2399,165635,0
2017-03-21,2.3,2.3855,2.2709,2.3,66313,0
2017-03-22,2.27,2.27,2.11,2.23,55448,0
2017-03-23,2.21,2.35,2.19,2.31,43325,0
2017-03-24,2.36,2.36,2.25,2.31,23915,0
2017-03-27,2.27,2.49,2.2501,2.43,111082,0
2017-03-28,2.55,2.65,2.37,2.41,197158,0
2017-03-29,2.39,2.8,2.39,2.8,307923,0
2017-03-30,2.9,2.94,2.651,2.67,190821,0
2017-03-31,2.67,2.7061,2.49,2.57,77879,0
2017-04-03,2.6,2.6,2.5,2.56,154182,0
2017-04-04,2.48,2.64,2.24,2.49,165757,0
2017-04-05,2.45,2.58,2.3,2.3,126875,0
2017-04-06,2.25,2.34,2.2115,2.27,42428,0
2017-04-07,2.201,2.35,2.11,2.11,105663,0
2017-04-10,2.06,3.35,2.06,3.12,1005170,0
2017-04-11,2.71,2.95,2.57,2.77,386684,0
2017-04-12,2.82,2.82,2.64,2.78,66111,0
2017-04-13,2.8862,2.8862,2.56,2.59,76115,0
2017-04-17,2.56,2.7399,2.55,2.55,58719,0
2017-04-18,2.5176,2.65,2.5176,2.6,60587,0
2017-04-19,2.6,2.6304,2.52,2.58,56135,0
2017-04-20,2.587,2.74,2.5561,2.7,27697,0
2017-04-21,2.7625,2.7625,2.56,2.61,44609,0
2017-04-24,2.66,2.82,2.63,2.76,63135,0
2017-04-25,2.81,2.98,2.71,2.72,245604,0
2017-04-26,2.73,2.7762,2.5736,2.62,40726,0
2017-04-27,2.8,2.8,2.54,2.64,147953,0
2017-04-28,2.6,2.71,2.5548,2.6,87871,0
2017-05-01,2.6,2.6,2.45,2.49,101484,0
2017-05-02,2.5,2.72,2.48,2.58,92809,0
2017-05-03,2.67,2.9879,2.57,2.77,141700,0
2017-05-04,3,3.3,2.9,2.95,546552,0
2017-05-05,3.06,3.25,3.03,3.25,635580,0
2017-05-08,3.25,3.79,3.17,3.785,737966,0
2017-05-09,3.83,4.08,3.6,3.84,333350,0
2017-05-10,3.81,4.2,3.63,3.93,333012,0
2017-05-11,3.93,4.02,3.62,3.74,190022,0
2017-05-12,3.7,3.75,3.5101,3.62,111187,0
2017-05-15,3.64,3.94,3.6001,3.9,182998,0
2017-05-16,3.87,4.24,3.6114,4.19,293911,0
2017-05-17,4.17,4.45,3.9,4.33,511371,0
2017-05-18,4.31,4.49,4.15,4.37,362968,0
2017-05-19,4.31,4.3775,4.09,4.29,182956,0
2017-05-22,4.25,4.29,3.85,4.01,142123,0
2017-05-23,4.02,4.3499,3.98,4.21,160599,0
2017-05-24,4.19,4.2,4.04,4.16,75766,0
2017-05-25,4.17,4.17,3.92,4,183886,0
2017-05-26,3.98,4.05,3.85,3.96,73410,0
2017-05-30,3.93,4.04,3.91,4.04,65262,0
2017-05-31,4,4.09,3.98,4.05,80590,0
2017-06-01,4.01,4.28,3.94,3.94,135251,0
2017-06-02,3.94,4,3.94,3.96,105616,0
2017-06-05,3.88,3.9097,3.55,3.56,221909,0
2017-06-06,3.61,3.62,3.315,3.58,132323,0
2017-06-07,3.58,3.62,3.3775,3.55,84356,0
2017-06-08,3.59,3.7,3.55,3.61,75284,0
2017-06-09,3.65,3.745,3.6,3.7,84859,0
2017-06-12,3.59,3.7,3.44,3.48,242956,0
2017-06-13,3.43,3.492,3.325,3.42,70756,0
2017-06-14,3.39,3.52,3.15,3.5,131642,0
2017-06-15,3.5,3.58,3.35,3.51,139780,0
2017-06-16,3.48,3.52,3.31,3.46,68620,0
2017-06-19,3.49,3.6,3.39,3.56,48518,0
2017-06-20,3.53,3.6,3.35,3.41,28655,0
2017-06-21,3.39,3.59,3.38,3.58,51827,0
2017-06-22,3.5947,3.65,3.51,3.64,38004,0
2017-06-23,3.61,3.67,3.51,3.66,80077,0
2017-06-26,3.66,3.8,3.63,3.8,100585,0
2017-06-27,3.78,3.96,3.76,3.88,110248,0
2017-06-28,3.88,3.9,3.82,3.88,54304,0
2017-06-29,3.8899,3.89,3.73,3.75,30984,0
2017-06-30,3.75,3.75,3.63,3.71,42946,0
2017-07-03,3.73,3.962,3.73,3.9,20697,0
2017-07-05,3.84,4.4,3.84,4.18,234085,0
2017-07-06,4.2,5.38,4.14,4.96,855951,0
2017-07-07,5.2,5.2,4.62,4.7,221998,0
2017-07-10,4.74,5.175,4.74,4.99,156657,0
2017-07-11,5,5.03,4.75,4.9,59627,0
2017-07-12,4.88,5.12,4.7736,4.96,96342,0
2017-07-13,4.96,4.96,4.85,4.85,108507,0
2017-07-14,4.77,4.9389,4.77,4.85,63061,0
2017-07-17,4.9,5.4,4.7957,5.04,365890,0
2017-07-18,5,5.3999,4.866,5.11,96749,0
2017-07-19,5.02,5.95,5.01,5.74,590277,0
2017-07-20,5.87,6.09,5.211,5.5,441228,0
2017-07-21,5.5,6.48,5.5,6.13,831209,0
2017-07-24,5.55,6.45,5.3,6,601840,0
2017-07-25,5.95,6.015,5.66,5.73,135338,0
2017-07-26,5.79,5.84,5.06,5.12,456027,0
2017-07-27,5.08,5.4265,4.9,4.94,204957,0
2017-07-28,4.95,5.07,4.68,4.75,174582,0
2017-07-31,4.85,5.1925,4.53,4.6,200142,0
2017-08-01,4.6,4.62,4.43,4.5,106480,0
2017-08-02,4.5553,4.59,4.28,4.3,126408,0
2017-08-03,4.28,4.49,4.1301,4.32,158603,0
2017-08-04,4.1912,4.33,4.11,4.2,102269,0
2017-08-07,4.3,4.3,4.13,4.25,72790,0
2017-08-08,4.26,4.64,4.16,4.64,136302,0
2017-08-09,4.55,4.64,4.28,4.54,139535,0
2017-08-10,4.54,4.55,4.12,4.18,125756,0
2017-08-11,4.2,4.5,4.2,4.35,53533,0
2017-08-14,4.45,4.63,4.3766,4.56,137273,0
2017-08-15,4.3,4.59,4.1,4.12,326859,0
2017-08-16,4.26,4.36,4,4.14,349562,0
2017-08-17,4.14,4.25,4.07,4.16,102050,0
2017-08-18,4.13,4.34,4.1,4.31,59548,0
2017-08-21,4.34,4.37,4.2,4.37,176081,0
2017-08-22,4.4,4.4,4.12,4.21,91400,0
2017-08-23,4.3,4.4,4.2574,4.35,273212,0
2017-08-24,4.4,4.465,4.28,4.35,139201,0
2017-08-25,4.33,4.4,4.24,4.35,251331,0
2017-08-28,4.44,4.45,4.29,4.3,432326,0
2017-08-29,4.26,4.375,4.14,4.21,229806,0
2017-08-30,4.25,4.35,4.21,4.34,137163,0
2017-08-31,4.35,4.36,4.27,4.28,99570,0
2017-09-01,4.2585,4.35,4.2,4.3,42304,0
2017-09-05,4.34,4.46,4.13,4.29,198671,0
2017-09-06,4.28,4.35,4.15,4.22,81197,0
2017-09-07,4.2,4.24,4.11,4.14,121134,0
2017-09-08,4.1,4.105,3.8688,4.04,398549,0
2017-09-11,3.99,4.08,3.7,3.81,303877,0
2017-09-12,3.84,4.01,3.83,3.92,548181,0
2017-09-13,3.95,4.11,3.75,3.92,497901,0
2017-09-14,3.8,4.5,3.8,4.27,919487,0
2017-09-15,4.3,4.74,4.2202,4.74,545981,0
2017-09-18,4.74,5.13,4.55,5.02,528103,0
2017-09-19,5,5.66,5,5.52,785170,0
2017-09-20,5.48,6.3,5.48,5.6,865118,0
2017-09-21,5.65,5.73,5.27,5.34,182509,0
2017-09-22,5.35,5.95,5.3074,5.8,320811,0
2017-09-25,5.8,6.1199,5.75,6.03,370676,0
2017-09-26,5.98,6.1075,5.82,5.91,255412,0
2017-09-27,5.88,6.74,5.67,6.54,1276641,0
2017-09-28,6.65,6.74,6.21,6.45,377607,0
2017-09-29,6.49,7.4,6.412,7.14,901872,0
2017-10-02,7.2,7.25,6.56,6.95,437495,0
2017-10-03,7,7.3,6.77,6.89,369011,0
2017-10-04,6.85,7.1572,6.7601,7.15,306834,0
2017-10-05,7.19,7.4,7.091,7.22,259985,0
2017-10-06,7.32,7.49,7.01,7.46,277952,0
2017-10-09,7.45,7.4742,7.25,7.43,128930,0
2017-10-10,7.37,7.45,7.21,7.35,135376,0
2017-10-11,7.29,7.37,6.55,7.14,385146,0
2017-10-12,7,7.02,6.738,6.95,168646,0
2017-10-13,6.76,6.94,6.61,6.7,105294,0
2017-10-16,6.7,7.15,6.4639,6.64,219288,0
2017-10-17,6.56,7.14,6.56,7.08,312950,0
2017-10-18,7.09,7.1476,6.66,6.93,228102,0
2017-10-19,6.86,6.97,6.7,6.93,81308,0
2017-10-20,6.96,7.5,6.88,7.31,406841,0
2017-10-23,7.44,7.5,6.94,6.98,192354,0
2017-10-24,6.85,7.32,6.85,6.91,190917,0
2017-10-25,7.1,7.17,6.92,7.03,187096,0
2017-10-26,7.09,7.89,7.0699,7.8,636468,0
2017-10-27,7.73,8,7.52,7.91,364160,0
2017-10-30,8.3,8.5953,7.69,7.76,518155,0
2017-10-31,7.89,7.97,7.28,7.65,282130,0
2017-11-01,7.64,7.93,7.41,7.82,99932,0
2017-11-02,7.82,8.085,7.531,7.67,99665,0
2017-11-03,7.68,8.08,7.5,7.62,186945,0
2017-11-06,7.54,7.67,7.32,7.4,126659,0
2017-11-07,7.39,7.863,7.11,7.18,152599,0
2017-11-08,7.18,7.3494,6.61,7,189911,0
2017-11-09,7,7.05,6.53,6.68,138159,0
2017-11-10,6.53,7.4,6.45,7.14,202146,0
